id;nombre;apellido;email;telefono;fecha_nacimiento
1;free furthermore litter;vivaciously uh-huh;Magdalena_ZunigaBarrios@yahoo.com;gah;2026-02-27
2;fondly excitedly;serialize;Cecilia.BenavidezMontez96@yahoo.com;over times dishearten;2026-02-27
3;as legislature;now failing indeed;Mateo.AlvarezMerino@yahoo.com;stir-fry concerning;2026-02-27
4;tiny judgementally;tomatillo;Gloria.PelayoBotello8@gmail.com;dash hm before;2026-02-27
5;splendid;tomorrow;Sofia88@yahoo.com;enthusiastically but internalize;2026-02-27
6;calmly swiftly;quintessential;Lola.LuevanoMontoya97@gmail.com;above;2026-02-27
7;stoop illusion;beneath finally because;Concepcion31@yahoo.com;by unlike;2026-02-27
8;ah joshingly;vastly poorly lobster;Ana_AvilesMadrid55@gmail.com;including;2026-02-27
9;interior;well safely;Amalia54@yahoo.com;plumber;2026-02-27
10;writ pant valuable;gee oof gah;Alejandra_MaciasCazares56@gmail.com;cheap;2026-02-27
